{"train/learner/loss_objective":0.08207473903894424,"info/total_frames":60000,"_timestamp":1.762276683646294e+09,"info/training_iteration":9,"train/learner/ESS":0.984148383140564,"info/current_frames":6000,"train/learner/kl_approx":0.009200282394886017,"train/learner/grad_norm":0.5710369944572449,"train/reward/reward_min":-0.24782752990722656,"train/learner/loss_entropy":-6.555657455464825e-05,"train/learner/explained_variance":0.9128442406654358,"info/total_time":31.151005744934082,"train/reward/reward_max":0.13149452209472656,"_runtime":39.30928575,"train/learner/clip_fraction":0.07267221808433533,"info/optimisation_time":2.8920698165893555,"_step":9,"train/reward/reward_mean":-0.05097169056534767,"train/reward/episode_reward_min":-10.274248123168945,"train/learner/entropy":0.6555657386779785,"train/reward/episode_reward_max":1.7524595260620117,"_wandb":{"runtime":39},"train/reward/episode_reward_mean":-5.097169399261475,"train/learner/loss_critic":0.04369119182229042,"info/iteration_time":2.912144899368286}