{"train/reward/episode_reward_max":1.7524595260620117,"_step":9,"info/current_frames":6000,"train/learner/entropy":0.6555657386779785,"_timestamp":1.762276895514106e+09,"train/reward/episode_reward_mean":-5.097169399261475,"train/reward/reward_min":-0.24782752990722656,"train/learner/kl_approx":0.009200282394886017,"train/learner/loss_entropy":-6.555657455464825e-05,"train/learner/grad_norm":0.5710369944572449,"_runtime":43.92006025,"info/optimisation_time":2.976794719696045,"info/total_time":35.01676034927368,"train/reward/reward_mean":-0.05097169056534767,"train/learner/loss_objective":0.08207473903894424,"info/training_iteration":9,"train/learner/explained_variance":0.9128442406654358,"info/iteration_time":3.002527952194214,"_wandb":{"runtime":43},"train/learner/loss_critic":0.04369119182229042,"train/reward/reward_max":0.13149452209472656,"train/reward/episode_reward_min":-10.274248123168945,"info/total_frames":60000,"train/learner/clip_fraction":0.07267221808433533,"train/learner/ESS":0.984148383140564}