{"_step":4,"_wandb":{"runtime":42},"_runtime":42.956580958,"reward/episode_reward_mean":-5.065215587615967,"_timestamp":1.7622046478924181e+09,"reward/episode_reward_max":-0.8626861572265625,"reward/episode_reward_min":-11.894148826599121}