{"_wandb":{"runtime":3},"info/total_frames":6000,"info/total_time":3.043971061706543,"info/training_iteration":0,"info/iteration_time":3.043971061706543,"_step":0,"_timestamp":1.762252606081629e+09,"_runtime":3.9635865839999997,"info/sampling_time":0}