{"_wandb":{"runtime":28},"_runtime":28.259258875,"_step":4,"episode_reward/mean":1.8566100597381592,"_timestamp":1.7616723399532642e+09}