{"_step":4,"_wandb":{"runtime":69},"_runtime":69.396408667,"episode_reward/mean":-5.486130237579346,"_timestamp":1.761676686286759e+09}