{"_wandb":{"runtime":27878},"_runtime":27878.41306825,"episode_reward/mean":-5.460790157318115,"_timestamp":1.76174041224507e+09,"_step":4999}