{"info/training_iteration":9,"reward/episode_reward_mean":-5.097169399261475,"reward/episode_reward_min":-10.274248123168945,"reward/reward_max":0.13149452209472656,"info/total_frames":60000,"reward/reward_min":-0.24782752990722656,"info/optimisation_time":3.288125991821289,"_timestamp":1.762272339753977e+09,"info/current_frames":6000,"_wandb":{"runtime":40},"reward/episode_reward_max":1.7524595260620117,"_step":9,"info/total_time":31.95231056213379,"info/iteration_time":3.313066005706787,"reward/reward_mean":-0.05097169056534767,"_runtime":40.494813458}