{"reward/episode_reward_mean":-5.065215587615967,"info/total_time":15.117415428161621,"reward/episode_reward_min":-11.894148826599121,"info/total_frames":30000,"reward/reward_min":[-0.2447795867919922],"_wandb":{"runtime":19},"reward/episode_reward_max":-0.8626861572265625,"_step":4,"info/current_frames":6000,"reward/reward_max":[0.10353374481201172],"info/iteration_time":3.2125940322875977,"_timestamp":1.76227159821242e+09,"info/training_iteration":4,"reward/reward_mean":[-0.0506521575152874],"_runtime":19.962168083,"info/optimisation_time":3.180537223815918}