{"_wandb":{"runtime":43},"_runtime":43.301798125,"reward/episode_reward_max":-0.8626861572265625,"reward/episode_reward_min":-11.894148826599121,"_step":4,"reward/episode_reward_mean":-5.065215587615967,"_timestamp":1.7622132187409961e+09}