{"_runtime":41.342077458,"_step":4,"episode_reward/mean":-5.486130237579346,"_timestamp":1.761691612993533e+09,"_wandb":{"runtime":41}}