{"_runtime":412.740606541,"episode_reward/mean":-5.777334213256836,"_timestamp":1.762179360644396e+09,"_step":49,"_wandb":{"runtime":412}}