{"reward/reward_min":[-0.2447795867919922],"reward/episode_reward_min":-11.894148826599121,"_step":4,"reward/reward_mean":[-0.0506521575152874],"reward/episode_reward_mean":-5.065215587615967,"_wandb":{"runtime":59},"_runtime":59.639008083,"_timestamp":1.762213364686443e+09,"reward/reward_max":[0.10353374481201172],"reward/episode_reward_max":-0.8626861572265625}