{"_wandb":{"runtime":19},"reward/reward_max":[0.10353374481201172],"reward/episode_reward_min":-11.894148826599121,"info/total_time":15.281033754348755,"info/training_iteration":4,"reward/episode_reward_mean":-5.065215587615967,"_runtime":19.904589708,"reward/episode_reward_max":-0.8626861572265625,"reward/reward_min":[-0.2447795867919922],"_step":4,"reward/reward_mean":[-0.0506521575152874],"info/current_frames":6000,"info/sampling_time":0,"_timestamp":1.762252664628358e+09,"info/total_frames":30000,"info/iteration_time":3.184945821762085}